USE volunteer_system;

-- ========================
-- 1. 管理员表 admin (示例)
-- ========================
INSERT INTO admin (id, username, password, name, phone, email, avatar, role, status, create_time, update_time) VALUES
(1, 'superadmin', 'password1', '超级管理员', '13800000001', 'superadmin@example.com', '', 'SUPER_ADMIN', 1, '2025-01-01 09:00:00', '2025-01-01 09:00:00'),
(2, 'admin1', 'password2', '管理员一', '13800000002', 'admin1@example.com', '', 'ADMIN', 1, '2025-01-02 10:00:00', '2025-01-02 10:00:00'),
(3, 'admin2', 'password3', '管理员二', '13800000003', 'admin2@example.com', '', 'ADMIN', 1, '2025-01-03 11:00:00', '2025-01-03 11:00:00');

-- ========================
-- 2. 志愿者表 volunteer (示例)
-- ========================
INSERT INTO volunteer (id, username, password, real_name, gender, phone, email, id_card, total_hours, points, certification_status, wallet_address, status, create_time, update_time) VALUES
(1, 'vol1', 'vpass1', '张三', '男', '13900000001', 'zhangsan@example.com', '110101199001011234', 12.50, 120, 2, '0xAbC1230000000000000000000000000000000001', 1, '2025-01-05 09:00:00', '2025-01-05 09:00:00'),
(2, 'vol2', 'vpass2', '李四', '女', '13900000002', 'lisi@example.com', '110101199202022345', 8.00, 60, 1, '0xAbC1230000000000000000000000000000000002', 1, '2025-01-06 09:30:00', '2025-01-06 09:30:00'),
(3, 'vol3', 'vpass3', '王五', '男', '13900000003', 'wangwu@example.com', '110101199303033456', 3.50, 20, 0, '0xAbC1230000000000000000000000000000000003', 1, '2025-01-07 10:00:00', '2025-01-07 10:00:00'),
(4, 'vol4', 'vpass4', '赵六', '男', '13900000004', 'zhaoliu@example.com', '110101199404044567', 5.75, 40, 2, '0xAbC1230000000000000000000000000000000004', 1, '2025-01-08 11:00:00', '2025-01-08 11:00:00'),
(5, 'vol5', 'vpass5', '孙七', '女', '13900000005', 'sunqi@example.com', '110101199505055678', 0.00, 5, 0, '0xAbC1230000000000000000000000000000000005', 1, '2025-01-09 12:00:00', '2025-01-09 12:00:00');

-- ========================
-- 3. 活动分类表 activity_category
-- ========================
INSERT INTO activity_category (id, name, description, create_time) VALUES
(1, '社区服务', '面向社区的志愿服务活动', '2025-02-01 08:00:00'),
(2, '环境保护', '环保类志愿活动', '2025-02-02 08:00:00'),
(3, '教育辅导', '为学生提供课业辅导', '2025-02-03 08:00:00');

-- ========================
-- 4. 志愿活动表 activity
-- ========================
INSERT INTO activity (id, category_id, title, content, address, start_time, end_time, target_number, current_number, service_hours, reward_points, status, cover_image, create_time, update_time) VALUES
(1, 1, '社区清扫活动', '清理社区公共区域垃圾，提升环境卫生。', '北京市朝阳区某社区', '2025-11-01 09:00:00', '2025-11-01 12:00:00', 20, 5, 3.00, 10, '未开始', '', '2025-10-01 09:00:00', '2025-10-01 09:00:00'),
(2, 2, '河道环保活动', '清理河道垃圾，保护水环境。', '北京市海淀区某河道', '2025-11-05 08:00:00', '2025-11-05 12:00:00', 15, 7, 4.00, 15, '未开始', '', '2025-10-02 09:00:00', '2025-10-02 09:00:00'),
(3, 3, '小学生辅导', '为小学低年级学生提供课后辅导。', '北京市东城区某小学', '2025-11-10 14:00:00', '2025-11-10 17:00:00', 10, 3, 3.00, 12, '未开始', '', '2025-10-03 09:00:00', '2025-10-03 09:00:00'),
(4, 1, '老年人陪伴活动', '探访社区独居老人，陪伴聊天。', '北京市朝阳区社区服务中心', '2025-11-15 10:00:00', '2025-11-15 12:00:00', 8, 2, 2.00, 8, '未开始', '', '2025-10-04 09:00:00', '2025-10-04 09:00:00');

-- ========================
-- 5. 活动报名申请表 activity_application
-- ========================
INSERT INTO activity_application (id, activity_id, volunteer_id, status, reject_reason, apply_time) VALUES
(1, 1, 1, '已通过', '', '2025-10-10 09:00:00'),
(2, 1, 2, '待审核', '', '2025-10-11 10:00:00'),
(3, 2, 3, '待审核', '', '2025-10-12 11:00:00'),
(4, 3, 4, '已通过', '', '2025-10-13 12:00:00');

-- ========================
-- 6. 活动打卡记录表 activity_checkin
-- ========================
-- 3 条：一条正常完整签到签退，一条为尚未签退，一条为无效（提前退出）
INSERT INTO activity_checkin (id, activity_id, volunteer_id, checkin_time, checkout_time, service_hours, earned_points, status, is_valid, is_counted, remark, create_time, update_time) VALUES
(1, 1, 1, '2025-11-01 09:05:00', '2025-11-01 12:00:00', 2.92, 10, 2, 1, 1, '正常签到签退', '2025-11-01 09:05:00', '2025-11-01 12:00:00'),
(2, 1, 2, '2025-11-01 09:10:00', NULL, 0.00, 0, 1, 1, 0, '已签到，尚未签退', '2025-11-01 09:10:00', '2025-11-01 09:10:00'),
(3, 2, 3, '2025-11-05 08:05:00', '2025-11-05 08:40:00', 0.58, 0, 3, 0, 0, '提前离场，记录作废', '2025-11-05 08:05:00', '2025-11-05 08:40:00');

-- ========================
-- 7. 志愿时长补录表 service_hour_replenish
-- ========================
INSERT INTO service_hour_replenish (id, volunteer_id, hours, earned_points, reason, status, admin_id, apply_time, audit_time) VALUES
(1, 2, 1.50, 5, '忘记打卡补录', '已通过', 1, '2025-10-20 10:00:00', '2025-10-23 10:00:00'),
(2, 3, 2.00, 8, '临时任务补录', '待审核', 2, '2025-10-21 11:00:00', NULL),
(3, 4, 0.75, 2, '活动小组补录', '已通过', 1, '2025-10-22 12:00:00', '2025-10-24 09:00:00');

-- ========================
-- 8. 信息动态表 news
-- ========================
INSERT INTO news (id, title, content, views, admin_id, create_time) VALUES
(1, '志愿者服务新政策', '发布了最新志愿服务政策，请大家查看。', 120, 1, '2025-09-01 08:00:00'),
(2, '社区活动通知', '本周末有社区清扫活动，欢迎报名。', 85, 2, '2025-10-01 08:00:00'),
(3, '环保活动招募', '河道清洁志愿者招募中。', 60, 1, '2025-10-05 08:00:00'),
(4, '2026年春节志愿服务倡议', '2026年春节期间将组织多场社区关爱活动，欢迎志愿者报名参与。', 230, 1, '2026-01-05 09:00:00'),
(5, '寒假青少年公益课堂招募', '面向中小学生的寒假公益课堂开放报名，欢迎有教学经验的志愿者加入。', 180, 2, '2026-01-15 14:30:00'),
(6, '冬季御寒物资募捐活动', '联合多家社区发起御寒物资募捐，为困难群体送去温暖。', 210, 1, '2026-01-22 10:15:00'),
(7, '元宵节灯会秩序维护志愿者招募', '2026年元宵灯会需要现场秩序维护志愿者，提供服务证明及积分奖励。', 195, 3, '2026-02-05 16:00:00'),
(8, '社区老年人健康义诊活动通知', '将于2月下旬开展老年人健康义诊活动，招募医疗相关专业志愿者。', 175, 2, '2026-02-18 08:30:00');

-- ========================
-- 9. 社区帖子分类表 forum_category
-- ========================
INSERT INTO forum_category (id, name, description) VALUES
(1, '志愿经验分享', '分享志愿服务经验和故事'),
(2, '活动讨论', '讨论即将或已举办的活动'),
(3, '资源互助', '物资和资源互助信息');

-- ========================
-- 10. 帖子表 forum_post
-- ========================
INSERT INTO forum_post (id, category_id, volunteer_id, title, content, views, status, create_time) VALUES
(1, 1, 1, '第一次参加志愿活动的感受', '今天参加了社区清扫，收获很多。', 50, '已通过', '2025-11-01 13:00:00'),
(2, 2, 2, '关于环保活动的建议', '建议增加宣传，提高参与度。', 30, '待审核', '2025-11-02 14:00:00'),
(3, 1, 4, '志愿服务的小技巧', '如何更有效地组织小组活动', 20, '已通过', '2025-11-03 15:00:00');

-- ========================
-- 11. 评论表 comment
-- ========================
INSERT INTO comment (id, volunteer_id, target_type, target_id, content, create_time) VALUES
(1, 2, '活动', 1, '活动很有意义，期待下次。', '2025-11-01 13:30:00'),
(2, 3, '帖子', 1, '感谢分享，很有帮助。', '2025-11-01 14:00:00'),
(3, 4, '活动', 4, '很高兴参与本次陪伴活动。', '2025-11-15 12:30:00');

-- ========================
-- 12. 积分商品表 goods
-- ========================
INSERT INTO goods (id, name, description, points_required, stock, image, create_time) VALUES
(1, '志愿者纪念徽章', '纪念参加活动的徽章', 50, 100, '', '2025-01-20 09:00:00'),
(2, '环保购物袋', '环保活动赠品', 30, 50, '', '2025-02-10 09:00:00'),
(3, '学习用品套装', '支持教育活动的学习用品', 80, 30, '', '2025-03-01 09:00:00');

-- ========================
-- 13. 兑换订单表 exchange_order
-- ========================
INSERT INTO exchange_order (id, goods_id, volunteer_id, quantity, total_points, address, status, create_time) VALUES
(1, 1, 1, 1, 50, '北京市朝阳区XX小区', '已发货', '2025-10-10 10:00:00'),
(2, 2, 2, 2, 60, '北京市东城区YY小区', '待发货', '2025-10-11 11:00:00'),
(3, 3, 4, 1, 80, '北京市海淀区ZZ小区', '待发货', '2025-10-12 12:00:00');

-- ========================
-- 14. 收藏表 favorite
-- ========================
INSERT INTO favorite (id, volunteer_id, activity_id, create_time) VALUES
(1, 1, 2, '2025-10-15 09:00:00'),
(2, 2, 1, '2025-10-16 10:00:00'),
(3, 4, 3, '2025-10-17 11:00:00');

-- ========================
-- 15. 公告信息表 announcement
-- ========================
INSERT INTO announcement (id, title, content, create_time, admin_id) VALUES
(1, '平台维护通知', '平台将于11月1日进行系统维护，届时无法访问。', '2025-10-20 08:00:00', 1),
(2, '志愿者奖励规则更新', '积分规则已更新，请及时查看。', '2025-10-21 09:00:00', 2),
(3, '环保活动报名开启', '河道环保活动开放报名。', '2025-10-22 10:00:00', 1);

-- ========================
-- 16. 轮播图表 carousel
-- ========================
INSERT INTO carousel (id, image_url, activity_id, sort_order, create_time) VALUES
(1, 'https://example.com/images/banner1.jpg', 1, 1, '2025-10-01 09:00:00'),
(2, 'https://example.com/images/banner2.jpg', 2, 2, '2025-10-02 09:00:00'),
(3, 'https://example.com/images/banner3.jpg', NULL, 3, '2025-10-03 09:00:00');

-- ========================
-- 17. 志愿服务证书表 service_certificate
-- ========================
INSERT INTO service_certificate (id, volunteer_id, total_hours, issue_date, certificate_hash) VALUES
(1, 1, 12.50, '2025-10-01', 'certHash0001'),
(2, 2, 8.00, '2025-10-15', 'certHash0002'),
(3, 4, 5.75, '2025-10-20', 'certHash0003');

-- ========================
-- 18. 活动参与人员表 activity_participation
-- ========================
INSERT INTO activity_participation (id, activity_id, volunteer_id, checkin_id, actual_hours, earned_points, confirm_status, confirm_admin, confirm_time, remark, create_time, update_time) VALUES
(1, 1, 1, 1, 2.92, 10, 2, 1, '2025-11-01 13:10:00', '正常参与', '2025-11-01 13:10:00', '2025-11-01 13:10:00'),
(2, 3, 4, NULL, 3.00, 12, 2, 1, '2025-11-10 18:00:00', '辅导活动参与', '2025-11-10 18:00:00', '2025-11-10 18:00:00'),
(3, 4, 4, NULL, 2.00, 8, 2, 1, '2025-11-15 12:30:00', '陪伴活动参与', '2025-11-15 12:30:00', '2025-11-15 12:30:00');

-- ========================
-- SELECT '模拟数据插入完成' AS info;
